,plotid,center_lon,center_lat,shape,size_m,sample_points,flagged,flagged_reason,confidence,collection_time,analysis_duration,common_securewatch_date,total_securewatch_dates,Land Cover Elements:Water>irrigation ditch,Land Cover Elements:grass,Land Cover Elements:Water>rivers/stream,Land Cover Elements:Impervious Surface (no building),Land Cover Elements:Water>lake/ponded/container,Land Cover Elements:cultivated vegetation,Land Cover Elements:Bare Ground,Land Cover Elements:Building,Land Cover Elements:Water>treated pool,Land Cover Elements:Trees_CanopyCover,Land Cover Elements:unknown,Land Cover Elements:bush/scrub,Land Cover Elements:shadow,AOI Number
74,200,-77.9830849616824,39.1522501418346,square,100.0,100,False,,100.0,2022-06-19 13:12,432.7 secs,,0,0.0,0.0,0.0,48.0,0.0,0.0,0.0,41.0,0.0,3.0,0.0,0.0,8.0,2
75,201,-77.9975790045637,39.141008637288,square,100.0,100,False,,95.0,2022-06-19 13:16,76.7 secs,,0,0.0,98.0,0.0,0.0,0.0,0.0,0.0,0.0,0.0,0.0,0.0,2.0,0.0,2
76,202,-77.9975790045637,39.1455052391066,square,100.0,100,False,,60.0,2022-06-19 13:22,318.1 secs,,0,0.0,20.0,0.0,0.0,0.0,0.0,17.0,0.0,0.0,38.0,0.0,25.0,0.0,2
77,203,-77.9975790045637,39.1500018409253,square,100.0,100,False,,95.0,2022-06-19 13:24,120.5 secs,,0,0.0,8.0,0.0,1.0,0.0,0.0,0.0,0.0,0.0,91.0,0.0,0.0,0.0,2
78,204,-77.9975790045637,39.1544984427439,square,100.0,100,False,,50.0,2022-06-19 13:30,360.2 secs,,0,0.0,14.0,0.0,0.0,0.0,0.0,0.0,0.0,0.0,49.0,0.0,20.0,17.0,2
79,205,-77.9975790045637,39.1589950445625,square,100.0,100,False,,95.0,2022-06-19 14:43,312.2 secs,,0,0.0,43.0,0.0,0.0,0.0,44.0,0.0,0.0,0.0,2.0,0.0,11.0,0.0,2
80,206,-77.9975790045637,39.1634916463811,square,100.0,100,False,,96.0,2022-06-19 14:49,348.2 secs,,0,0.0,51.0,0.0,31.0,0.0,0.0,8.0,0.0,0.0,2.0,0.0,1.0,7.0,2
81,207,-77.9917813874112,39.141008637288,square,100.0,100,False,,100.0,2022-06-19 14:50,64.2 secs,,0,0.0,0.0,0.0,0.0,0.0,99.0,0.0,0.0,0.0,1.0,0.0,0.0,0.0,2
82,208,-77.9917813874112,39.1455052391066,square,100.0,100,False,,95.0,2022-06-19 14:55,8.6 secs,,0,0.0,53.0,0.0,1.0,0.0,2.0,6.0,1.0,0.0,22.0,0.0,5.0,10.0,2
83,209,-77.9917813874112,39.1500018409253,square,100.0,100,False,,95.0,2022-06-19 15:00,300.0 secs,,0,0.0,24.0,0.0,28.0,0.0,0.0,5.0,20.0,0.0,6.0,0.0,0.0,17.0,2
84,210,-77.9917813874112,39.1544984427439,square,100.0,100,False,,95.0,2022-06-19 15:04,263.8 secs,,0,0.0,30.0,0.0,0.0,0.0,0.0,8.0,9.0,0.0,45.0,0.0,4.0,4.0,2
85,211,-77.9917813874112,39.1589950445625,square,100.0,100,False,,85.0,2022-06-19 15:11,394.0 secs,,0,0.0,21.0,0.0,12.0,0.0,0.0,14.0,0.0,0.0,24.0,0.0,15.0,14.0,2
86,212,-77.9917813874112,39.1634916463811,square,100.0,100,False,,90.0,2022-06-19 15:16,315.9 secs,,0,0.0,39.0,0.0,23.0,0.0,2.0,2.0,0.0,0.0,17.0,0.0,14.0,3.0,2
87,213,-77.9859837702587,39.141008637288,square,100.0,100,False,,100.0,2022-06-19 15:19,142.4 secs,,0,0.0,0.0,0.0,0.0,0.0,46.0,0.0,0.0,0.0,38.0,0.0,0.0,16.0,2
88,214,-77.9859837702587,39.1455052391066,square,100.0,100,False,,75.0,2022-06-19 15:25,385.3 secs,,0,0.0,44.0,0.0,2.0,0.0,0.0,2.0,7.0,0.0,20.0,1.0,2.0,22.0,2
89,215,-77.9859837702587,39.1500018409253,square,100.0,100,False,,95.0,2022-06-19 15:31,7.6 secs,,0,0.0,29.0,0.0,7.0,0.0,0.0,10.0,5.0,0.0,15.0,0.0,1.0,33.0,2
90,216,-77.9859837702587,39.1544984427439,square,100.0,100,False,,95.0,2022-06-19 15:35,260.4 secs,,0,0.0,23.0,0.0,36.0,0.0,0.0,0.0,18.0,0.0,11.0,0.0,0.0,12.0,2
111,300,-96.621044755946,32.9852445982673,square,100.0,100,False,,75.0,2022-06-15 19:52,572.1 secs,,0,0.0,39.0,0.0,27.0,0.0,0.0,5.0,13.0,0.0,8.0,0.0,8.0,0.0,3
333,900,-88.1576013565064,41.8276826529967,square,100.0,100,False,,80.0,2022-06-15 20:09,2223.7 secs,,0,0.0,8.0,0.0,0.0,0.0,92.0,0.0,0.0,0.0,0.0,0.0,0.0,0.0,9
334,901,-88.1726848599718,41.8164411484502,square,100.0,100,False,,80.0,2022-06-15 20:33,1404.4 secs,,0,0.0,10.0,0.0,15.0,0.0,0.0,0.0,3.0,0.0,14.0,0.0,46.0,12.0,9
335,902,-88.1726848599718,41.8209377502688,square,100.0,100,False,,100.0,2022-06-16 00:54,15688.0 secs,,0,0.0,2.0,10.0,2.0,0.0,0.0,0.0,0.0,0.0,46.0,0.0,0.0,40.0,9
336,903,-88.1726848599718,41.8254343520874,square,100.0,100,False,,100.0,2022-06-16 01:00,379.3 secs,,0,0.0,1.0,0.0,1.0,0.0,0.0,0.0,0.0,0.0,59.0,0.0,4.0,35.0,9
337,904,-88.1726848599718,41.829930953906,square,100.0,100,False,,100.0,2022-06-16 01:07,404.3 secs,,0,0.0,3.0,0.0,0.0,73.0,0.0,0.0,0.0,0.0,8.0,0.0,0.0,16.0,9
338,905,-88.1726848599718,41.8344275557247,square,100.0,100,False,,85.0,2022-06-16 01:14,408.2 secs,,0,0.0,44.0,0.0,0.0,28.0,0.0,0.0,0.0,0.0,1.0,0.0,27.0,0.0,9
339,906,-88.1726848599718,41.8389241575433,square,100.0,100,False,,90.0,2022-06-16 01:22,455.7 secs,,0,0.0,4.0,0.0,8.0,0.0,0.0,12.0,0.0,0.0,50.0,0.0,1.0,25.0,9
340,907,-88.1666514585856,41.8164411484502,square,100.0,100,False,,100.0,2022-06-16 01:27,357.0 secs,,0,0.0,17.0,0.0,33.0,0.0,0.0,0.0,7.0,0.0,17.0,0.0,1.0,25.0,9
341,908,-88.1666514585856,41.8209377502688,square,100.0,100,False,,100.0,2022-06-16 01:33,316.0 secs,,0,0.0,1.0,0.0,1.0,0.0,0.0,0.0,4.0,0.0,60.0,0.0,0.0,34.0,9
342,909,-88.1666514585856,41.8254343520874,square,100.0,100,False,,70.0,2022-06-16 01:42,542.7 secs,,0,0.0,55.0,0.0,0.0,0.0,0.0,0.0,0.0,0.0,25.0,0.0,0.0,20.0,9
343,910,-88.1666514585856,41.829930953906,square,100.0,100,False,,77.0,2022-06-16 01:49,455.7 secs,,0,0.0,10.0,0.0,12.0,0.0,0.0,0.0,0.0,0.0,47.0,0.0,6.0,25.0,9
344,911,-88.1666514585856,41.8344275557247,square,100.0,100,False,,100.0,2022-06-16 19:13,62600.3 secs,,0,0.0,3.0,0.0,5.0,0.0,0.0,0.0,0.0,0.0,77.0,0.0,0.0,15.0,9
345,912,-88.1666514585856,41.8389241575433,square,100.0,100,False,,100.0,2022-06-16 19:24,685.9 secs,,0,0.0,0.0,0.0,0.0,0.0,0.0,0.0,0.0,0.0,68.0,0.0,0.0,32.0,9
346,913,-88.1606180571994,41.8164411484502,square,100.0,100,False,,100.0,2022-06-16 19:29,305.7 secs,,0,0.0,3.0,0.0,9.0,0.0,0.0,0.0,7.0,0.0,53.0,0.0,0.0,28.0,9
347,914,-88.1606180571994,41.8209377502688,square,100.0,100,False,,83.0,2022-06-16 19:50,1247.6 secs,,0,0.0,0.0,0.0,0.0,0.0,100.0,0.0,0.0,0.0,0.0,0.0,0.0,0.0,9
348,915,-88.1606180571994,41.8254343520874,square,100.0,100,False,,85.0,2022-06-16 19:56,341.2 secs,,0,0.0,6.0,0.0,0.0,0.0,65.0,0.0,0.0,0.0,20.0,0.0,0.0,9.0,9
349,916,-88.1606180571994,41.829930953906,square,100.0,100,False,,60.0,2022-06-16 20:12,1007.6 secs,,0,0.0,20.0,0.0,20.0,0.0,32.0,2.0,0.0,0.0,14.0,0.0,8.0,4.0,9
350,917,-88.1606180571994,41.8344275557247,square,100.0,100,False,,100.0,2022-06-17 18:47,81265.4 secs,,0,0.0,30.0,0.0,23.0,0.0,0.0,0.0,12.0,0.0,15.0,0.0,0.0,20.0,9
351,918,-88.1606180571994,41.8389241575433,square,100.0,100,False,,100.0,2022-06-17 18:56,521.6 secs,,0,0.0,2.0,0.0,0.0,0.0,0.0,0.0,0.0,0.0,72.0,0.0,0.0,26.0,9
352,919,-88.1545846558133,41.8164411484502,square,100.0,100,False,,100.0,2022-06-17 19:01,324.6 secs,,0,0.0,16.0,0.0,7.0,0.0,0.0,0.0,73.0,0.0,0.0,0.0,0.0,4.0,9
353,920,-88.1545846558133,41.8209377502688,square,100.0,100,False,,100.0,2022-06-17 19:08,430.8 secs,,0,0.0,24.0,0.0,51.0,0.0,0.0,2.0,8.0,0.0,4.0,0.0,0.0,11.0,9
354,921,-88.1545846558133,41.8254343520874,square,100.0,100,False,,89.0,2022-06-17 19:16,467.2 secs,,0,0.0,100.0,0.0,0.0,0.0,0.0,0.0,0.0,0.0,0.0,0.0,0.0,0.0,9
370,1000,-122.028880119324,37.2909379880069,square,100.0,100,False,,90.0,2022-06-15 19:52,550.6 secs,,0,0.0,14.0,0.0,21.0,0.0,0.0,5.0,28.0,3.0,10.0,0.0,11.0,8.0,10
371,1001,-122.043008146942,37.2796964834603,square,100.0,100,False,,83.0,2022-06-17 23:00,341.0 secs,,0,0.0,0.0,0.0,17.0,0.0,0.0,6.0,12.0,0.0,50.0,0.0,1.0,14.0,10
372,1002,-122.043008146942,37.2841930852789,square,100.0,100,False,,80.0,2022-06-19 02:34,120.6 secs,,0,0.0,0.0,0.0,0.0,0.0,0.0,0.0,0.0,0.0,31.0,0.0,69.0,0.0,10
373,1003,-122.043008146942,37.2886896870975,square,100.0,100,False,,100.0,2022-06-17 23:06,331.3 secs,,0,0.0,0.0,0.0,0.0,0.0,0.0,29.0,0.0,0.0,17.0,0.0,44.0,10.0,10
374,1004,-122.043008146942,37.2931862889162,square,100.0,100,False,,95.0,2022-06-19 02:38,216.4 secs,,0,0.0,6.0,0.0,15.0,0.0,0.0,16.0,19.0,4.0,32.0,0.0,1.0,7.0,10
375,1005,-122.043008146942,37.2976828907348,square,100.0,100,False,,100.0,2022-06-18 06:34,266.0 secs,,0,0.0,5.0,0.0,19.0,17.0,0.0,1.0,14.0,0.0,36.0,0.0,0.0,8.0,10
376,1006,-122.043008146942,37.3021794925534,square,100.0,100,False,,90.0,2022-06-18 01:14,307.4 secs,,0,0.0,7.0,0.0,15.0,0.0,0.0,4.0,23.0,0.0,26.0,0.0,3.0,22.0,10
377,1007,-122.037356935895,37.2796964834603,square,100.0,100,False,,94.0,2022-06-18 01:17,208.4 secs,,0,0.0,3.0,0.0,7.0,0.0,0.0,10.0,17.0,0.0,43.0,0.0,2.0,18.0,10
378,1008,-122.037356935895,37.2841930852789,square,100.0,100,False,,90.0,2022-06-18 01:21,232.0 secs,,0,0.0,3.0,0.0,9.0,0.0,0.0,4.0,14.0,2.0,57.0,0.0,7.0,4.0,10
379,1009,-122.037356935895,37.2886896870975,square,100.0,100,False,,90.0,2022-06-17 23:15,437.5 secs,,0,0.0,11.0,0.0,19.0,0.0,0.0,5.0,33.0,4.0,15.0,0.0,6.0,7.0,10
380,1010,-122.037356935895,37.2931862889162,square,100.0,100,False,,95.0,2022-06-19 02:41,188.5 secs,,0,0.0,2.0,0.0,11.0,0.0,0.0,0.0,25.0,1.0,44.0,0.0,3.0,14.0,10
381,1011,-122.037356935895,37.2976828907348,square,100.0,100,False,,90.0,2022-06-18 01:25,214.0 secs,,0,0.0,17.0,0.0,37.0,0.0,0.0,0.0,36.0,0.0,5.0,0.0,1.0,4.0,10
382,1012,-122.037356935895,37.3021794925534,square,100.0,100,False,,90.0,2022-06-17 23:21,333.1 secs,,0,0.0,30.0,0.0,20.0,0.0,0.0,1.0,1.0,0.0,34.0,0.0,1.0,13.0,10
383,1013,-122.031705724847,37.2796964834603,square,100.0,100,False,,100.0,2022-06-17 23:24,195.5 secs,,0,0.0,1.0,0.0,75.0,0.0,0.0,0.0,8.0,0.0,9.0,0.0,1.0,6.0,10
384,1014,-122.031705724847,37.2841930852789,square,100.0,100,False,,90.0,2022-06-18 01:36,567.0 secs,,0,0.0,10.0,0.0,31.0,0.0,0.0,7.0,24.0,3.0,13.0,0.0,7.0,5.0,10
385,1015,-122.031705724847,37.2886896870975,square,100.0,100,False,,100.0,2022-06-18 03:37,7267.7 secs,,0,0.0,0.0,0.0,41.0,0.0,0.0,0.0,34.0,0.0,16.0,0.0,1.0,8.0,10
386,1016,-122.031705724847,37.2931862889162,square,100.0,100,False,,100.0,2022-06-19 02:47,320.0 secs,,0,0.0,2.0,0.0,24.0,0.0,0.0,1.0,26.0,0.0,38.0,0.0,1.0,8.0,10
387,1017,-122.031705724847,37.2976828907348,square,100.0,100,False,,100.0,2022-06-18 03:40,170.1 secs,,0,0.0,0.0,0.0,48.0,0.0,0.0,0.0,43.0,0.0,9.0,0.0,0.0,0.0,10
388,1018,-122.031705724847,37.3021794925534,square,100.0,100,False,,100.0,2022-06-18 03:44,207.4 secs,,0,0.0,3.0,0.0,64.0,0.0,0.0,2.0,12.0,0.0,11.0,0.0,8.0,0.0,10
389,1019,-122.0260545138,37.2796964834603,square,100.0,100,False,,90.0,2022-06-18 05:45,7250.7 secs,,0,0.0,1.0,0.0,23.0,0.0,0.0,2.0,20.0,3.0,36.0,0.0,3.0,12.0,10
390,1020,-122.0260545138,37.2841930852789,square,100.0,100,False,,90.0,2022-06-18 05:55,622.3 secs,,0,0.0,10.0,0.0,41.0,0.0,0.0,0.0,21.0,0.0,14.0,0.0,7.0,7.0,10
391,1021,-122.0260545138,37.2886896870975,square,100.0,100,False,,100.0,2022-06-18 05:58,198.3 secs,,0,0.0,12.0,0.0,40.0,0.0,0.0,1.0,10.0,0.0,25.0,0.0,1.0,11.0,10
392,1022,-122.0260545138,37.2931862889162,square,100.0,100,False,,95.0,2022-06-18 06:03,298.1 secs,,0,0.0,8.0,0.0,20.0,0.0,0.0,27.0,16.0,0.0,18.0,0.0,4.0,7.0,10
393,1023,-122.0260545138,37.2976828907348,square,100.0,100,False,,95.0,2022-06-19 05:48,474.1 secs,,0,0.0,1.0,0.0,26.0,0.0,0.0,0.0,26.0,0.0,31.0,0.0,3.0,13.0,10
394,1024,-122.0260545138,37.3021794925534,square,100.0,100,False,,100.0,2022-06-18 06:08,194.3 secs,,0,0.0,8.0,0.0,3.0,0.0,0.0,33.0,2.0,0.0,49.0,0.0,0.0,5.0,10
395,1025,-122.020403302753,37.2796964834603,square,100.0,100,False,,90.0,2022-06-17 23:34,178.6 secs,,0,0.0,1.0,0.0,4.0,0.0,0.0,2.0,60.0,0.0,33.0,0.0,0.0,0.0,10
396,1026,-122.020403302753,37.2841930852789,square,100.0,100,False,,95.0,2022-06-19 06:03,884.8 secs,,0,0.0,11.0,0.0,14.0,0.0,0.0,3.0,18.0,4.0,36.0,0.0,2.0,12.0,10
397,1027,-122.020403302753,37.2886896870975,square,100.0,100,False,,100.0,2022-06-17 23:36,123.5 secs,,0,0.0,70.0,0.0,2.0,0.0,0.0,8.0,0.0,0.0,15.0,0.0,5.0,0.0,10
398,1028,-122.020403302753,37.2931862889162,square,100.0,100,False,,95.0,2022-06-19 06:10,399.5 secs,,0,0.0,16.0,0.0,21.0,0.0,0.0,2.0,22.0,0.0,30.0,0.0,2.0,7.0,10
399,1029,-122.020403302753,37.2976828907348,square,100.0,100,False,,90.0,2022-06-19 06:15,306.1 secs,,0,0.0,4.0,0.0,41.0,0.0,0.0,2.0,22.0,1.0,16.0,0.0,6.0,8.0,10
400,1030,-122.020403302753,37.3021794925534,square,100.0,100,False,,95.0,2022-06-19 06:22,431.5 secs,,0,0.0,12.0,0.0,21.0,0.0,0.0,2.0,26.0,2.0,27.0,0.0,2.0,8.0,10
401,1031,-122.014752091705,37.2796964834603,square,100.0,100,False,,94.0,2022-06-19 06:29,371.3 secs,,0,0.0,9.0,0.0,23.0,0.0,0.0,8.0,10.0,1.0,34.0,0.0,0.0,15.0,10
402,1032,-122.014752091705,37.2841930852789,square,100.0,100,False,,95.0,2022-06-19 06:37,477.7 secs,,0,0.0,8.0,0.0,21.0,0.0,0.0,1.0,12.0,1.0,41.0,0.0,3.0,13.0,10
403,1033,-122.014752091705,37.2886896870975,square,100.0,100,False,,90.0,2022-06-18 06:14,296.2 secs,,0,0.0,12.0,0.0,32.0,0.0,0.0,0.0,13.0,2.0,35.0,0.0,0.0,6.0,10
404,1034,-122.014752091705,37.2931862889162,square,100.0,100,False,,100.0,2022-06-18 06:17,180.3 secs,,0,0.0,9.0,0.0,49.0,0.0,0.0,0.0,18.0,0.0,19.0,0.0,1.0,4.0,10
405,1035,-122.014752091705,37.2976828907348,square,100.0,100,False,,100.0,2022-06-18 06:24,239.6 secs,,0,0.0,4.0,0.0,41.0,0.0,0.0,1.0,23.0,2.0,20.0,0.0,5.0,4.0,10
406,1036,-122.014752091705,37.3021794925534,square,100.0,100,False,,95.0,2022-06-18 06:28,204.1 secs,,0,0.0,11.0,0.0,24.0,0.0,0.0,0.0,33.0,1.0,24.0,0.0,0.0,7.0,10
629,1700,-122.051755338907,37.3170148542179,square,100.0,100,False,,100.0,2022-06-18 19:22,355.3 secs,,0,0.0,0.0,0.0,30.0,0.0,0.0,0.0,41.0,0.0,14.0,0.0,12.0,3.0,17
630,1701,-122.065888264471,37.3057733496713,square,100.0,100,False,,74.0,2022-06-18 23:13,13843.7 secs,,0,0.0,0.0,0.0,0.0,0.0,0.0,46.0,0.0,0.0,17.0,0.0,23.0,14.0,17
631,1702,-122.065888264471,37.3102699514899,square,100.0,100,False,,100.0,2022-06-18 23:17,257.4 secs,,0,0.0,3.0,0.0,32.0,0.0,0.0,3.0,28.0,0.0,25.0,0.0,5.0,4.0,17
632,1703,-122.065888264471,37.3147665533086,square,100.0,100,False,,100.0,2022-06-18 23:21,233.4 secs,,0,0.0,7.0,0.0,21.0,0.0,0.0,16.0,31.0,0.0,15.0,1.0,8.0,1.0,17
633,1704,-122.065888264471,37.3192631551272,square,100.0,100,False,,100.0,2022-06-19 03:47,15948.8 secs,,0,0.0,11.0,0.0,28.0,0.0,0.0,11.0,22.0,0.0,11.0,0.0,16.0,1.0,17
634,1705,-122.065888264471,37.3237597569458,square,100.0,100,False,,100.0,2022-06-19 03:51,244.2 secs,,0,0.0,4.0,0.0,41.0,0.0,0.0,2.0,12.0,0.0,22.0,3.0,16.0,0.0,17
635,1706,-122.065888264471,37.3282563587644,square,100.0,100,False,,100.0,2022-06-19 03:58,402.6 secs,,0,0.0,10.0,0.0,36.0,0.0,0.0,3.0,31.0,0.0,6.0,0.0,13.0,1.0,17
636,1707,-122.060235094246,37.3057733496713,square,100.0,100,False,,100.0,2022-06-19 04:01,179.9 secs,,0,0.0,0.0,0.0,0.0,0.0,0.0,27.0,0.0,0.0,26.0,0.0,44.0,3.0,17
637,1708,-122.060235094246,37.3102699514899,square,100.0,100,False,,100.0,2022-06-19 04:04,160.3 secs,,0,0.0,0.0,0.0,25.0,0.0,0.0,52.0,7.0,0.0,12.0,0.0,4.0,0.0,17
638,1709,-122.060235094246,37.3147665533086,square,100.0,100,False,,100.0,2022-06-19 04:06,143.4 secs,,0,0.0,2.0,0.0,15.0,0.0,0.0,12.0,7.0,1.0,59.0,0.0,4.0,0.0,17
639,1710,-122.060235094246,37.3192631551272,square,100.0,100,False,,100.0,2022-06-19 04:08,133.1 secs,,0,0.0,61.0,0.0,0.0,0.0,0.0,21.0,0.0,0.0,7.0,0.0,0.0,11.0,17
640,1711,-122.060235094246,37.3237597569458,square,100.0,100,False,,100.0,2022-06-19 04:12,208.0 secs,,0,0.0,13.0,0.0,35.0,0.0,0.0,1.0,25.0,0.0,5.0,4.0,17.0,0.0,17
641,1712,-122.060235094246,37.3282563587644,square,100.0,100,False,,100.0,2022-06-19 04:15,179.6 secs,,0,0.0,1.0,0.0,13.0,0.0,0.0,3.0,11.0,0.0,59.0,3.0,5.0,5.0,17
642,1713,-122.05458192402,37.3057733496713,square,100.0,100,False,,75.0,2022-06-19 04:19,263.5 secs,,0,0.0,8.0,0.0,37.0,0.0,0.0,1.0,23.0,1.0,17.0,2.0,10.0,1.0,17
643,1714,-122.05458192402,37.3102699514899,square,100.0,100,False,,100.0,2022-06-19 04:28,520.4 secs,,0,0.0,50.0,0.0,5.0,0.0,0.0,35.0,0.0,0.0,1.0,0.0,9.0,0.0,17
644,1715,-122.05458192402,37.3147665533086,square,100.0,100,False,,100.0,2022-06-19 04:31,215.5 secs,,0,0.0,0.0,0.0,48.0,0.0,0.0,4.0,42.0,0.0,5.0,0.0,0.0,1.0,17
645,1716,-122.05458192402,37.3192631551272,square,100.0,100,False,,100.0,2022-06-19 06:19,6449.1 secs,,0,0.0,13.0,0.0,46.0,0.0,0.0,0.0,25.0,0.0,10.0,0.0,6.0,0.0,17
646,1717,-122.05458192402,37.3237597569458,square,100.0,100,False,,100.0,2022-06-19 07:41,4922.6 secs,,0,0.0,3.0,0.0,51.0,0.0,0.0,6.0,33.0,0.0,1.0,0.0,3.0,3.0,17
703,1900,-119.692482948303,34.4454237162085,square,100.0,100,False,,100.0,2022-06-16 22:19,342.3 secs,,0,0.0,0.0,0.0,0.0,0.0,0.0,58.0,0.0,0.0,26.0,0.0,16.0,0.0,19
1036,2800,-73.9781908787716,40.6850558694976,square,100.0,100,False,,100.0,2022-06-15 20:16,223.9 secs,,0,0.0,0.0,0.0,70.0,0.0,0.0,0.0,28.0,0.0,2.0,0.0,0.0,0.0,28
1073,2900,-121.925035715103,37.520593150644,square,100.0,100,False,,70.0,2022-06-15 20:19,414.9 secs,,0,0.0,15.0,0.0,41.0,0.0,0.0,25.0,0.0,0.0,14.0,0.0,0.0,5.0,29
1074,2901,-121.939207096383,37.5093516460974,square,100.0,100,False,,90.0,2022-06-15 20:11,1316.0 secs,,0,0.0,0.0,0.0,35.0,0.0,11.0,0.0,49.0,0.0,5.0,0.0,0.0,0.0,29
1075,2902,-121.939207096383,37.513848247916,square,100.0,100,False,,100.0,2022-06-15 21:08,155.8 secs,,0,0.0,20.0,0.0,75.0,0.0,0.0,4.0,0.0,0.0,0.0,0.0,1.0,0.0,29
1076,2903,-121.939207096383,37.5183448497346,square,100.0,100,False,,100.0,2022-06-16 00:35,493.8 secs,,0,0.0,72.0,0.0,20.0,0.0,0.0,0.0,0.0,0.0,8.0,0.0,0.0,0.0,29
1077,2904,-121.939207096383,37.5228414515533,square,100.0,100,False,,100.0,2022-06-16 00:36,100.4 secs,,0,0.0,81.0,0.0,0.0,0.0,0.0,3.0,0.0,0.0,16.0,0.0,0.0,0.0,29
1078,2905,-121.939207096383,37.5273380533719,square,100.0,100,False,,80.0,2022-06-16 00:39,186.1 secs,,0,0.0,29.0,0.0,0.0,0.0,0.0,0.0,7.0,0.0,59.0,0.0,0.0,5.0,29
1079,2906,-121.939207096383,37.5318346551905,square,100.0,100,False,,92.0,2022-06-16 00:41,102.5 secs,,0,0.0,60.0,0.0,32.0,0.0,0.0,0.0,0.0,0.0,8.0,0.0,0.0,0.0,29
1080,2907,-121.933538543871,37.5093516460974,square,100.0,100,False,,90.0,2022-06-16 00:48,396.0 secs,,0,0.0,7.0,0.0,33.0,0.0,8.0,0.0,36.0,1.0,14.0,0.0,1.0,0.0,29
1081,2908,-121.933538543871,37.513848247916,square,100.0,100,False,,94.0,2022-06-16 00:50,139.1 secs,,0,0.0,0.0,0.0,29.0,0.0,6.0,0.0,20.0,0.0,45.0,0.0,0.0,0.0,29
1082,2909,-121.933538543871,37.5183448497346,square,100.0,100,False,,98.0,2022-06-16 00:52,118.9 secs,,0,0.0,7.0,0.0,19.0,0.0,0.0,0.0,55.0,0.0,13.0,0.0,6.0,0.0,29
1083,2910,-121.933538543871,37.5228414515533,square,100.0,100,False,,95.0,2022-06-16 00:53,58.8 secs,,0,0.0,67.0,0.0,7.0,0.0,0.0,0.0,0.0,0.0,26.0,0.0,0.0,0.0,29
1084,2911,-121.933538543871,37.5273380533719,square,100.0,100,False,,100.0,2022-06-16 00:57,241.4 secs,,0,0.0,34.0,0.0,17.0,0.0,4.0,0.0,21.0,0.0,15.0,0.0,8.0,1.0,29
1085,2912,-121.933538543871,37.5318346551905,square,100.0,100,False,,100.0,2022-06-16 00:59,123.8 secs,,0,0.0,36.0,0.0,31.0,0.0,0.0,14.0,10.0,0.0,9.0,0.0,0.0,0.0,29
1086,2913,-121.927869991359,37.5093516460974,square,100.0,100,False,,100.0,2022-06-16 01:01,96.1 secs,,0,0.0,67.0,0.0,14.0,0.0,0.0,0.0,1.0,2.0,5.0,0.0,11.0,0.0,29
1087,2914,-121.927869991359,37.513848247916,square,100.0,100,False,,95.0,2022-06-16 06:10,257.8 secs,,0,0.0,9.0,0.0,16.0,0.0,1.0,0.0,18.0,1.0,26.0,0.0,12.0,17.0,29
1088,2915,-121.927869991359,37.5183448497346,square,100.0,100,False,,95.0,2022-06-16 06:12,92.0 secs,,0,0.0,63.0,0.0,8.0,0.0,0.0,0.0,26.0,0.0,0.0,0.0,3.0,0.0,29
1089,2916,-121.927869991359,37.5228414515533,square,100.0,100,False,,100.0,2022-06-16 06:18,356.3 secs,,0,0.0,29.0,0.0,11.0,0.0,0.0,24.0,6.0,0.0,14.0,0.0,6.0,10.0,29
1090,2917,-121.927869991359,37.5273380533719,square,100.0,100,False,,100.0,2022-06-16 06:19,52.1 secs,,0,0.0,11.0,0.0,2.0,0.0,0.0,0.0,9.0,0.0,76.0,0.0,0.0,2.0,29
1091,2918,-121.927869991359,37.5318346551905,square,100.0,100,False,,100.0,2022-06-16 06:21,119.4 secs,,0,0.0,0.0,0.0,23.0,0.0,6.0,0.0,56.0,0.0,9.0,0.0,0.0,6.0,29
1092,2919,-121.922201438847,37.5093516460974,square,100.0,100,False,,92.0,2022-06-16 06:40,1172.3 secs,,0,0.0,0.0,0.0,22.0,0.0,11.0,2.0,37.0,0.0,17.0,0.0,8.0,3.0,29
1093,2920,-121.922201438847,37.513848247916,square,100.0,100,False,,92.0,2022-06-16 06:43,141.4 secs,,0,0.0,0.0,0.0,54.0,0.0,8.0,0.0,23.0,0.0,0.0,0.0,8.0,7.0,29
1094,2921,-121.922201438847,37.5183448497346,square,100.0,100,False,,100.0,2022-06-16 06:46,178.7 secs,,0,0.0,0.0,0.0,37.0,0.0,8.0,0.0,26.0,0.0,19.0,0.0,10.0,0.0,29
1095,2922,-121.922201438847,37.5228414515533,square,100.0,100,False,,100.0,2022-06-16 06:48,126.9 secs,,0,0.0,70.0,0.0,14.0,0.0,0.0,4.0,6.0,0.0,6.0,0.0,0.0,0.0,29
1096,2923,-121.922201438847,37.5273380533719,square,100.0,100,False,,100.0,2022-06-16 06:50,130.8 secs,,0,0.0,40.0,0.0,30.0,0.0,0.0,0.0,11.0,0.0,15.0,0.0,4.0,0.0,29
1097,2924,-121.922201438847,37.5318346551905,square,100.0,100,False,,100.0,2022-06-16 06:53,163.9 secs,,0,0.0,1.0,0.0,38.0,0.0,15.0,2.0,18.0,0.0,17.0,0.0,5.0,4.0,29
1098,2925,-121.916532886335,37.5093516460974,square,100.0,100,False,,100.0,2022-06-16 06:53,9.1 secs,,0,0.0,100.0,0.0,0.0,0.0,0.0,0.0,0.0,0.0,0.0,0.0,0.0,0.0,29
1099,2926,-121.916532886335,37.513848247916,square,100.0,100,False,,100.0,2022-06-16 06:57,231.4 secs,,0,0.0,25.0,0.0,1.0,0.0,0.0,0.0,10.0,0.0,50.0,0.0,6.0,8.0,29
1100,2927,-121.916532886335,37.5183448497346,square,100.0,100,False,,100.0,2022-06-16 06:59,135.3 secs,,0,0.0,2.0,0.0,52.0,0.0,16.0,0.0,18.0,0.0,12.0,0.0,0.0,0.0,29
1101,2928,-121.916532886335,37.5228414515533,square,100.0,100,False,,100.0,2022-06-16 07:02,157.3 secs,,0,0.0,10.0,0.0,35.0,0.0,12.0,0.0,22.0,0.0,16.0,0.0,0.0,5.0,29
1102,2929,-121.916532886335,37.5273380533719,square,100.0,100,False,,100.0,2022-06-16 07:03,112.0 secs,,0,0.0,11.0,0.0,52.0,0.0,8.0,1.0,15.0,0.0,8.0,0.0,5.0,0.0,29
1103,2930,-121.916532886335,37.5318346551905,square,100.0,100,False,,96.0,2022-06-16 07:33,1775.8 secs,,0,0.0,14.0,0.0,28.0,0.0,12.0,0.0,15.0,0.0,21.0,0.0,6.0,4.0,29
1104,2931,-121.910864333823,37.5093516460974,square,100.0,100,False,,100.0,2022-06-16 07:35,96.0 secs,,0,0.0,64.0,0.0,9.0,0.0,0.0,21.0,0.0,0.0,1.0,0.0,5.0,0.0,29
1105,2932,-121.910864333823,37.513848247916,square,100.0,100,False,,100.0,2022-06-16 07:37,147.0 secs,,0,0.0,3.0,0.0,35.0,0.0,3.0,0.0,35.0,0.0,15.0,0.0,6.0,3.0,29
1106,2933,-121.910864333823,37.5183448497346,square,100.0,100,False,,100.0,2022-06-16 07:40,179.2 secs,,0,0.0,31.0,0.0,31.0,0.0,11.0,1.0,16.0,0.0,2.0,0.0,8.0,0.0,29
1107,2934,-121.910864333823,37.5228414515533,square,100.0,100,False,,100.0,2022-06-16 07:41,48.9 secs,,0,1.0,0.0,0.0,0.0,0.0,0.0,98.0,0.0,0.0,0.0,0.0,1.0,0.0,29
1108,2935,-121.910864333823,37.5273380533719,square,100.0,100,False,,100.0,2022-06-16 07:43,117.6 secs,,0,0.0,55.0,0.0,18.0,0.0,0.0,11.0,0.0,0.0,13.0,0.0,3.0,0.0,29
1109,2936,-121.910864333823,37.5318346551905,square,100.0,100,False,,100.0,2022-06-16 07:44,47.7 secs,,0,0.0,0.0,0.0,10.0,0.0,0.0,90.0,0.0,0.0,0.0,0.0,0.0,0.0,29
1184,3200,-74.5511697505628,40.3349071792161,square,100.0,100,False,,100.0,2022-06-18 20:51,543.4 secs,,0,0.0,39.0,0.0,22.0,0.0,0.0,0.0,22.0,0.0,17.0,0.0,0.0,0.0,32
1443,3900,-80.1319438219071,25.971674325339,square,100.0,100,False,,100.0,2022-06-15 19:46,314.3 secs,,0,0.0,18.0,0.0,16.0,0.0,0.0,0.0,41.0,0.0,21.0,0.0,0.0,4.0,39
1444,3901,-80.1444469333219,25.9604328207925,square,100.0,100,False,,100.0,2022-06-18 21:14,789.2 secs,,0,0.0,19.0,0.0,42.0,0.0,0.0,0.0,0.0,0.0,33.0,0.0,6.0,0.0,39
1445,3902,-80.1444469333219,25.9649294226111,square,100.0,100,False,,100.0,2022-06-18 21:18,246.3 secs,,0,0.0,1.0,0.0,69.0,0.0,0.0,0.0,14.0,0.0,16.0,0.0,0.0,0.0,39
1446,3903,-80.1444469333219,25.9694260244297,square,100.0,100,False,,100.0,2022-06-18 21:23,320.6 secs,,0,0.0,1.0,0.0,64.0,0.0,0.0,0.0,4.0,0.0,24.0,0.0,7.0,0.0,39
1447,3904,-80.1444469333219,25.9739226262483,square,100.0,100,False,,100.0,2022-06-18 21:27,214.9 secs,,0,0.0,63.0,0.0,14.0,0.0,0.0,0.0,6.0,0.0,16.0,0.0,0.0,1.0,39
1448,3905,-80.1444469333219,25.978419228067,square,100.0,100,False,,90.0,2022-06-18 21:35,521.2 secs,,0,0.0,16.0,0.0,19.0,0.0,0.0,52.0,4.0,0.0,9.0,0.0,0.0,0.0,39
1449,3906,-80.1444469333219,25.9829158298856,square,100.0,100,False,,100.0,2022-06-18 21:38,169.1 secs,,0,0.0,0.0,0.0,56.0,0.0,0.0,0.0,33.0,2.0,9.0,0.0,0.0,0.0,39
1450,3907,-80.139445688756,25.9604328207925,square,100.0,100,False,,100.0,2022-06-18 23:20,134.8 secs,,0,0.0,17.0,0.0,50.0,0.0,0.0,9.0,0.0,0.0,21.0,0.0,3.0,0.0,39
1451,3908,-80.139445688756,25.9649294226111,square,100.0,100,False,,100.0,2022-06-18 23:25,276.8 secs,,0,0.0,17.0,0.0,38.0,0.0,0.0,2.0,0.0,0.0,40.0,0.0,3.0,0.0,39
1452,3909,-80.139445688756,25.9694260244297,square,100.0,100,False,,100.0,2022-06-18 23:47,1309.5 secs,,0,0.0,4.0,0.0,35.0,21.0,0.0,0.0,21.0,3.0,16.0,0.0,0.0,0.0,39
1453,3910,-80.139445688756,25.9739226262483,square,100.0,100,False,,100.0,2022-06-18 23:47,35.4 secs,,0,0.0,20.0,0.0,80.0,0.0,0.0,0.0,0.0,0.0,0.0,0.0,0.0,0.0,39
1454,3911,-80.139445688756,25.978419228067,square,100.0,100,False,,100.0,2022-06-18 23:53,327.8 secs,,0,0.0,1.0,0.0,38.0,0.0,0.0,0.0,52.0,0.0,7.0,0.0,2.0,0.0,39
1480,4000,-82.342529296875,28.2112013159339,square,100.0,100,False,,100.0,2022-06-15 19:50,170.7 secs,,0,0.0,46.0,0.0,37.0,6.0,0.0,7.0,1.0,0.0,0.0,0.0,3.0,0.0,40
1481,4001,-82.3552848355245,28.1999598113873,square,100.0,100,False,,100.0,2022-06-15 19:53,122.2 secs,,0,0.0,37.0,0.0,6.0,12.0,0.0,7.0,22.0,0.0,7.0,0.0,7.0,2.0,40
1482,4002,-82.3552848355245,28.2044564132059,square,100.0,100,False,,100.0,2022-06-15 19:58,339.7 secs,,0,0.0,31.0,0.0,20.0,0.0,0.0,0.0,46.0,0.0,0.0,0.0,0.0,3.0,40
1483,4003,-82.3552848355245,28.2089530150245,square,100.0,100,False,,100.0,2022-06-15 19:59,37.2 secs,,0,0.0,0.0,0.0,0.0,0.0,0.0,0.0,0.0,0.0,100.0,0.0,0.0,0.0,40
1484,4004,-82.3552848355245,28.2134496168432,square,100.0,100,False,,100.0,2022-06-15 20:03,226.2 secs,,0,0.0,20.0,0.0,37.0,1.0,0.0,0.0,22.0,0.0,20.0,0.0,0.0,0.0,40
1485,4005,-82.3552848355245,28.2179462186618,square,100.0,100,False,,100.0,2022-06-15 20:05,117.8 secs,,0,0.0,15.0,0.0,4.0,65.0,0.0,0.0,15.0,0.0,0.0,0.0,0.0,1.0,40
1486,4006,-82.3552848355245,28.2224428204804,square,100.0,100,False,,100.0,2022-06-15 20:05,10.7 secs,,0,0.0,0.0,0.0,0.0,0.0,0.0,100.0,0.0,0.0,0.0,0.0,0.0,0.0,40
1487,4007,-82.3501826200647,28.1999598113873,square,100.0,100,False,,100.0,2022-06-15 20:05,13.1 secs,,0,0.0,0.0,0.0,0.0,0.0,0.0,30.0,0.0,0.0,70.0,0.0,0.0,0.0,40
1488,4008,-82.3501826200647,28.2044564132059,square,100.0,100,False,,100.0,2022-06-15 20:06,42.5 secs,,0,0.0,68.0,0.0,0.0,0.0,0.0,13.0,0.0,0.0,19.0,0.0,0.0,0.0,40
1489,4009,-82.3501826200647,28.2089530150245,square,100.0,100,False,,100.0,2022-06-15 20:07,88.7 secs,,0,0.0,15.0,0.0,2.0,14.0,0.0,3.0,0.0,0.0,16.0,0.0,50.0,0.0,40
1490,4010,-82.3501826200647,28.2134496168432,square,100.0,100,False,,100.0,2022-06-16 17:02,87.6 secs,,0,0.0,31.0,0.0,0.0,0.0,0.0,36.0,0.0,0.0,28.0,0.0,5.0,0.0,40
1491,4011,-82.3501826200647,28.2179462186618,square,100.0,100,False,,100.0,2022-06-16 17:04,164.2 secs,,0,0.0,17.0,0.0,0.0,0.0,0.0,21.0,0.0,0.0,43.0,0.0,18.0,1.0,40
1492,4012,-82.3501826200647,28.2224428204804,square,100.0,100,False,,100.0,2022-06-16 17:05,8.4 secs,,0,0.0,0.0,0.0,0.0,0.0,0.0,0.0,0.0,0.0,100.0,0.0,0.0,0.0,40
1493,4013,-82.3450804046049,28.1999598113873,square,100.0,100,False,,100.0,2022-06-16 17:07,128.9 secs,,0,0.0,0.0,0.0,0.0,0.0,0.0,76.0,0.0,0.0,12.0,0.0,12.0,0.0,40
1494,4014,-82.3450804046049,28.2044564132059,square,100.0,100,False,,100.0,2022-06-16 17:09,141.5 secs,,0,0.0,16.0,0.0,10.0,29.0,0.0,33.0,6.0,0.0,0.0,0.0,3.0,3.0,40
1495,4015,-82.3450804046049,28.2089530150245,square,100.0,100,False,,100.0,2022-06-16 17:10,71.5 secs,,0,0.0,1.0,0.0,0.0,0.0,0.0,3.0,0.0,0.0,24.0,0.0,72.0,0.0,40
1496,4016,-82.3450804046049,28.2134496168432,square,100.0,100,False,,100.0,2022-06-16 17:13,139.8 secs,,0,0.0,35.0,0.0,0.0,36.0,0.0,0.0,22.0,1.0,2.0,0.0,0.0,4.0,40
1497,4017,-82.3450804046049,28.2179462186618,square,100.0,100,False,,100.0,2022-06-16 17:15,126.9 secs,,0,0.0,27.0,0.0,11.0,21.0,0.0,40.0,0.0,0.0,0.0,0.0,0.0,1.0,40
1498,4018,-82.3450804046049,28.2224428204804,square,100.0,100,False,,100.0,2022-06-16 17:18,222.1 secs,,0,0.0,27.0,0.0,21.0,0.0,0.0,41.0,0.0,0.0,3.0,0.0,0.0,8.0,40
1499,4019,-82.3399781891451,28.1999598113873,square,100.0,100,False,,100.0,2022-06-16 17:19,28.4 secs,,0,0.0,0.0,0.0,0.0,0.0,0.0,10.0,0.0,0.0,0.0,0.0,90.0,0.0,40
1500,4020,-82.3399781891451,28.2044564132059,square,100.0,100,False,,100.0,2022-06-16 17:19,30.8 secs,,0,0.0,88.0,0.0,0.0,0.0,0.0,0.0,0.0,0.0,8.0,0.0,3.0,1.0,40
1501,4021,-82.3399781891451,28.2089530150245,square,100.0,100,False,,100.0,2022-06-16 17:20,50.4 secs,,0,0.0,30.0,0.0,0.0,0.0,0.0,0.0,0.0,0.0,49.0,0.0,21.0,0.0,40
1502,4022,-82.3399781891451,28.2134496168432,square,100.0,100,False,,100.0,2022-06-16 17:22,132.2 secs,,0,0.0,28.0,0.0,0.0,46.0,0.0,0.0,5.0,1.0,14.0,0.0,5.0,1.0,40
1503,4023,-82.3399781891451,28.2179462186618,square,100.0,100,False,,100.0,2022-06-16 17:24,78.9 secs,,0,0.0,0.0,0.0,0.0,0.0,0.0,3.0,0.0,0.0,14.0,0.0,82.0,1.0,40
1504,4024,-82.3399781891451,28.2224428204804,square,100.0,100,False,,100.0,2022-06-16 17:26,159.4 secs,,0,0.0,8.0,0.0,22.0,0.0,0.0,70.0,0.0,0.0,0.0,0.0,0.0,0.0,40
1505,4025,-82.3348759736853,28.1999598113873,square,100.0,100,False,,100.0,2022-06-16 17:29,160.1 secs,,0,0.0,22.0,0.0,26.0,52.0,0.0,0.0,0.0,0.0,0.0,0.0,0.0,0.0,40
1506,4026,-82.3348759736853,28.2044564132059,square,100.0,100,False,,100.0,2022-06-16 17:30,45.3 secs,,0,0.0,13.0,0.0,0.0,0.0,0.0,0.0,0.0,0.0,38.0,0.0,49.0,0.0,40
1507,4027,-82.3348759736853,28.2089530150245,square,100.0,100,False,,100.0,2022-06-16 17:30,28.5 secs,,0,0.0,51.0,0.0,0.0,0.0,0.0,0.0,0.0,0.0,0.0,0.0,49.0,0.0,40
1508,4028,-82.3348759736853,28.2134496168432,square,100.0,100,False,,100.0,2022-06-16 17:32,73.2 secs,,0,0.0,9.0,0.0,0.0,1.0,0.0,0.0,0.0,0.0,0.0,0.0,90.0,0.0,40
1509,4029,-82.3348759736853,28.2179462186618,square,100.0,100,False,,100.0,2022-06-16 17:34,142.5 secs,,0,0.0,0.0,0.0,0.0,0.0,0.0,0.0,0.0,0.0,100.0,0.0,0.0,0.0,40
1510,4030,-82.3348759736853,28.2224428204804,square,100.0,100,False,,100.0,2022-06-16 17:37,175.0 secs,,0,0.0,32.0,0.0,0.0,0.0,0.0,7.0,0.0,0.0,2.0,0.0,59.0,0.0,40
1511,4031,-82.3297737582255,28.1999598113873,square,100.0,100,False,,100.0,2022-06-16 17:39,109.1 secs,,0,0.0,67.0,0.0,7.0,0.0,0.0,0.0,0.0,0.0,26.0,0.0,0.0,0.0,40
1512,4032,-82.3297737582255,28.2044564132059,square,100.0,100,False,,100.0,2022-06-16 17:40,81.7 secs,,0,0.0,4.0,0.0,0.0,0.0,0.0,0.0,0.0,0.0,76.0,0.0,20.0,0.0,40
1513,4033,-82.3297737582255,28.2089530150245,square,100.0,100,False,,100.0,2022-06-16 17:41,48.4 secs,,0,0.0,0.0,0.0,0.0,0.0,0.0,13.0,0.0,0.0,1.0,0.0,86.0,0.0,40
1514,4034,-82.3297737582255,28.2134496168432,square,100.0,100,False,,100.0,2022-06-16 17:42,77.3 secs,,0,0.0,0.0,0.0,0.0,0.0,0.0,14.0,0.0,0.0,0.0,0.0,86.0,0.0,40
1515,4035,-82.3297737582255,28.2179462186618,square,100.0,100,False,,100.0,2022-06-16 17:43,26.4 secs,,0,0.0,0.0,0.0,0.0,0.0,0.0,2.0,0.0,0.0,0.0,0.0,98.0,0.0,40
1516,4036,-82.3297737582255,28.2224428204804,square,100.0,100,False,,100.0,2022-06-16 17:43,30.5 secs,,0,0.0,0.0,0.0,0.0,0.0,0.0,0.0,0.0,0.0,6.0,0.0,94.0,0.0,40
1554,4200,-73.9620864725423,40.786115925352,square,100.0,100,False,,100.0,2022-06-19 15:36,248.0 secs,,0,0.0,0.0,0.0,0.0,100.0,0.0,0.0,0.0,0.0,0.0,0.0,0.0,0.0,42
1555,4201,-73.9769310238734,40.7748744208054,square,100.0,100,False,,100.0,2022-06-19 15:47,643.2 secs,,0,0.0,0.0,0.0,34.0,0.0,0.0,0.0,18.0,0.0,37.0,2.0,0.0,9.0,42
1556,4202,-73.9769310238734,40.7793710226241,square,100.0,100,False,,85.0,2022-06-19 15:54,423.9 secs,,0,0.0,0.0,0.0,26.0,0.0,0.0,0.0,52.0,0.0,2.0,4.0,0.0,16.0,42
1557,4203,-73.9769310238734,40.7838676244427,square,100.0,100,False,,100.0,2022-06-19 16:00,291.4 secs,,0,0.0,0.0,0.0,1.0,0.0,0.0,0.0,57.0,0.0,17.0,2.0,0.0,23.0,42
1558,4204,-73.9769310238734,40.7883642262613,square,100.0,100,False,,90.0,2022-06-19 16:04,246.5 secs,,0,0.0,0.0,0.0,39.0,0.0,0.0,0.0,32.0,0.0,11.0,2.0,0.0,16.0,42
1559,4205,-73.9769310238734,40.7928608280799,square,100.0,100,False,,84.0,2022-06-19 16:16,9.4 secs,,0,0.0,0.0,0.0,18.0,0.0,0.0,0.0,30.0,0.0,28.0,4.0,1.0,19.0,42
1560,4206,-73.9769310238734,40.7973574298986,square,100.0,100,False,,90.0,2022-06-19 16:15,7.3 secs,,0,0.0,5.0,35.0,41.0,0.0,0.0,0.0,1.0,0.0,9.0,1.0,0.0,8.0,42
1561,4207,-73.970993203341,40.7748744208054,square,100.0,100,False,,95.0,2022-06-19 16:15,161.9 secs,,0,0.0,2.0,0.0,3.0,43.0,0.0,0.0,0.0,0.0,45.0,1.0,0.0,6.0,42
1562,4208,-73.970993203341,40.7793710226241,square,100.0,100,False,,100.0,2022-06-19 16:21,295.4 secs,,0,0.0,8.0,0.0,2.0,8.0,0.0,0.0,0.0,0.0,73.0,0.0,0.0,9.0,42
1563,4209,-73.970993203341,40.7838676244427,square,100.0,100,False,,70.0,2022-06-19 16:25,276.2 secs,,0,0.0,0.0,0.0,8.0,0.0,0.0,0.0,52.0,0.0,5.0,4.0,1.0,30.0,42
1814,4901,12.5461391730265,55.7783630515578,square,100.0,100,False,,100.0,2022-06-18 22:38,906.3 secs,,0,0.0,30.0,0.0,0.0,0.0,0.0,12.0,0.0,0.0,43.0,0.0,15.0,0.0,49
1815,4902,12.5461391730265,55.7828596533764,square,100.0,100,False,,100.0,2022-06-18 22:50,685.3 secs,,0,0.0,15.0,0.0,0.0,0.0,0.0,8.0,0.0,0.0,43.0,2.0,32.0,0.0,49
1816,4903,12.5461391730265,55.7873562551951,square,100.0,100,False,,100.0,2022-06-19 15:44,60845.4 secs,,0,0.0,24.0,0.0,0.0,0.0,0.0,16.0,0.0,0.0,40.0,0.0,20.0,0.0,49
1817,4904,12.5461391730265,55.7918528570137,square,100.0,100,False,,100.0,2022-06-19 16:17,1953.9 secs,,0,0.0,15.0,0.0,0.0,0.0,0.0,3.0,0.0,0.0,37.0,1.0,44.0,0.0,49
1818,4905,12.5461391730265,55.7963494588323,square,100.0,100,False,,100.0,2022-06-19 16:59,2530.1 secs,,0,0.0,12.0,0.0,0.0,0.0,0.0,31.0,0.0,0.0,16.0,0.0,41.0,0.0,49
1819,4906,12.5461391730265,55.8008460606509,square,100.0,100,False,,100.0,2022-06-19 17:27,1708.1 secs,,0,0.0,6.0,0.0,15.0,0.0,0.0,6.0,0.0,0.0,45.0,0.0,28.0,0.0,49
1820,4907,12.5541346146558,55.7783630515578,square,100.0,100,False,,100.0,2022-06-19 17:41,833.9 secs,,0,0.0,4.0,0.0,8.0,0.0,0.0,7.0,0.0,0.0,44.0,1.0,36.0,0.0,49
2146,5800,-87.9693243574557,41.7703066528265,square,100.0,100,False,,80.0,2022-06-15 19:51,23.2 secs,,0,0.0,21.0,0.0,11.0,0.0,0.0,0.0,5.0,0.0,63.0,0.0,0.0,0.0,58
2147,5801,-87.9843943676758,41.75906514828,square,100.0,100,False,,90.0,2022-06-15 19:51,11.3 secs,,0,0.0,26.0,0.0,26.0,0.0,0.0,0.0,29.0,0.0,19.0,0.0,0.0,0.0,58
2148,5802,-87.9843943676758,41.7635617500986,square,100.0,100,False,,95.0,2022-06-15 19:51,7.6 secs,,0,0.0,48.0,0.0,11.0,0.0,0.0,0.0,0.0,0.0,41.0,0.0,0.0,0.0,58
2149,5803,-87.9843943676758,41.7680583519172,square,100.0,100,False,,80.0,2022-06-17 16:17,289.5 secs,,0,0.0,28.0,0.0,31.0,0.0,0.0,0.0,19.0,0.0,22.0,0.0,0.0,0.0,58
2150,5804,-87.9843943676758,41.7725549537359,square,100.0,100,False,,90.0,2022-06-17 16:20,147.3 secs,,0,0.0,39.0,0.0,23.0,11.0,0.0,0.0,10.0,0.0,17.0,0.0,0.0,0.0,58
2151,5805,-87.9843943676758,41.7770515555545,square,100.0,100,False,,100.0,2022-06-17 16:21,73.9 secs,,0,0.0,7.0,0.0,76.0,0.0,0.0,6.0,4.0,0.0,7.0,0.0,0.0,0.0,58
2152,5806,-87.9843943676758,41.7815481573731,square,100.0,100,False,,94.0,2022-06-17 16:22,67.9 secs,,0,0.0,26.0,0.0,2.0,0.0,0.0,9.0,0.0,0.0,63.0,0.0,0.0,0.0,58
2153,5807,-87.9783663635878,41.75906514828,square,100.0,100,False,,77.0,2022-06-17 16:24,111.1 secs,,0,0.0,36.0,0.0,5.0,0.0,0.0,0.0,38.0,0.0,21.0,0.0,0.0,0.0,58
2154,5808,-87.9783663635878,41.7635617500986,square,100.0,100,False,,93.0,2022-06-17 16:25,84.2 secs,,0,0.0,49.0,0.0,13.0,0.0,0.0,0.0,0.0,0.0,38.0,0.0,0.0,0.0,58
2155,5809,-87.9783663635878,41.7680583519172,square,100.0,100,False,,82.0,2022-06-17 16:27,121.1 secs,,0,0.0,8.0,0.0,40.0,0.0,0.0,0.0,34.0,0.0,18.0,0.0,0.0,0.0,58
2156,5810,-87.9783663635878,41.7725549537359,square,100.0,100,False,,89.0,2022-06-17 16:29,78.3 secs,,0,0.0,56.0,0.0,13.0,0.0,0.0,0.0,14.0,0.0,17.0,0.0,0.0,0.0,58
2157,5811,-87.9783663635878,41.7770515555545,square,100.0,100,False,,87.0,2022-06-17 16:30,81.9 secs,,0,0.0,5.0,0.0,78.0,0.0,0.0,0.0,5.0,0.0,12.0,0.0,0.0,0.0,58
2158,5812,-87.9783663635878,41.7815481573731,square,100.0,100,False,,90.0,2022-06-17 16:31,72.4 secs,,0,0.0,62.0,0.0,21.0,0.0,0.0,0.0,15.0,0.0,2.0,0.0,0.0,0.0,58
2159,5813,-87.9723383594998,41.75906514828,square,100.0,100,False,,89.0,2022-06-18 21:55,109.5 secs,,0,0.0,23.0,0.0,25.0,0.0,0.0,0.0,18.0,0.0,34.0,0.0,0.0,0.0,58
2160,5814,-87.9723383594998,41.7635617500986,square,100.0,100,False,,89.0,2022-06-18 21:57,99.8 secs,,0,0.0,4.0,0.0,50.0,0.0,0.0,0.0,13.0,0.0,33.0,0.0,0.0,0.0,58
2161,5815,-87.9723383594998,41.7680583519172,square,100.0,100,False,,89.0,2022-06-18 21:59,111.6 secs,,0,0.0,33.0,0.0,29.0,0.0,0.0,0.0,24.0,0.0,14.0,0.0,0.0,0.0,58
2162,5816,-87.9723383594998,41.7725549537359,square,100.0,100,False,,93.0,2022-06-18 21:59,37.5 secs,,0,0.0,83.0,0.0,7.0,0.0,0.0,0.0,0.0,0.0,10.0,0.0,0.0,0.0,58
2163,5817,-87.9723383594998,41.7770515555545,square,100.0,100,False,,82.0,2022-06-18 22:01,90.4 secs,,0,0.0,34.0,0.0,6.0,0.0,0.0,0.0,19.0,0.0,41.0,0.0,0.0,0.0,58
2164,5818,-87.9723383594998,41.7815481573731,square,100.0,100,False,,93.0,2022-06-18 22:03,110.6 secs,,0,0.0,52.0,0.0,3.0,0.0,0.0,0.0,23.0,2.0,20.0,0.0,0.0,0.0,58
2165,5819,-87.9663103554117,41.75906514828,square,100.0,100,False,,87.0,2022-06-18 22:05,105.7 secs,,0,0.0,32.0,0.0,22.0,0.0,0.0,0.0,16.0,0.0,30.0,0.0,0.0,0.0,58
2166,5820,-87.9663103554117,41.7635617500986,square,100.0,100,False,,85.0,2022-06-18 22:06,102.4 secs,,0,0.0,38.0,0.0,21.0,0.0,0.0,0.0,22.0,0.0,19.0,0.0,0.0,0.0,58
2167,5821,-87.9663103554117,41.7680583519172,square,100.0,100,False,,87.0,2022-06-18 22:08,113.2 secs,,0,0.0,26.0,0.0,22.0,0.0,0.0,0.0,18.0,0.0,34.0,0.0,0.0,0.0,58
2168,5822,-87.9663103554117,41.7725549537359,square,100.0,100,False,,92.0,2022-06-18 22:09,67.8 secs,,0,0.0,19.0,0.0,4.0,0.0,0.0,0.0,12.0,0.0,65.0,0.0,0.0,0.0,58
2169,5823,-87.9663103554117,41.7770515555545,square,100.0,100,False,,88.0,2022-06-18 22:11,86.9 secs,,0,0.0,44.0,0.0,0.0,0.0,0.0,0.0,36.0,0.0,20.0,0.0,0.0,0.0,58
2170,5824,-87.9663103554117,41.7815481573731,square,100.0,100,False,,92.0,2022-06-18 22:12,100.3 secs,,0,0.0,25.0,0.0,3.0,34.0,0.0,0.0,0.0,0.0,38.0,0.0,0.0,0.0,58
2171,5825,-87.9602823513237,41.75906514828,square,100.0,100,False,,79.0,2022-06-18 22:14,117.8 secs,,0,0.0,37.0,0.0,12.0,0.0,0.0,0.0,18.0,0.0,33.0,0.0,0.0,0.0,58
2172,5826,-87.9602823513237,41.7635617500986,square,100.0,100,False,,82.0,2022-06-18 22:34,1160.7 secs,,0,0.0,55.0,0.0,24.0,0.0,0.0,0.0,0.0,0.0,21.0,0.0,0.0,0.0,58
2173,5827,-87.9602823513237,41.7680583519172,square,100.0,100,False,,93.0,2022-06-18 22:35,79.3 secs,,0,0.0,54.0,0.0,4.0,0.0,0.0,0.0,10.0,0.0,32.0,0.0,0.0,0.0,58
2174,5828,-87.9602823513237,41.7725549537359,square,100.0,100,False,,93.0,2022-06-18 22:36,48.1 secs,,0,0.0,75.0,0.0,10.0,0.0,0.0,0.0,0.0,0.0,15.0,0.0,0.0,0.0,58
2175,5829,-87.9602823513237,41.7770515555545,square,100.0,100,False,,89.0,2022-06-18 22:37,101.4 secs,,0,0.0,29.0,0.0,27.0,0.0,0.0,0.0,11.0,0.0,33.0,0.0,0.0,0.0,58
2176,5830,-87.9602823513237,41.7815481573731,square,100.0,100,False,,89.0,2022-06-18 22:39,69.5 secs,,0,0.0,8.0,0.0,18.0,0.0,0.0,0.0,20.0,0.0,54.0,0.0,0.0,0.0,58
2177,5831,-87.9542543472357,41.75906514828,square,100.0,100,False,,92.0,2022-06-18 22:40,65.5 secs,,0,0.0,19.0,0.0,18.0,0.0,0.0,0.0,4.0,0.0,59.0,0.0,0.0,0.0,58
2178,5832,-87.9542543472357,41.7635617500986,square,100.0,100,False,,88.0,2022-06-18 22:47,417.9 secs,,0,0.0,28.0,0.0,22.0,0.0,0.0,0.0,13.0,0.0,37.0,0.0,0.0,0.0,58
2179,5833,-87.9542543472357,41.7680583519172,square,100.0,100,False,,92.0,2022-06-18 22:49,127.9 secs,,0,0.0,12.0,0.0,26.0,0.0,0.0,0.0,31.0,0.0,31.0,0.0,0.0,0.0,58
2180,5834,-87.9542543472357,41.7725549537359,square,100.0,100,False,,86.0,2022-06-18 22:51,107.8 secs,,0,0.0,8.0,0.0,45.0,0.0,0.0,0.0,10.0,0.0,37.0,0.0,0.0,0.0,58
2181,5835,-87.9542543472357,41.7770515555545,square,100.0,100,False,,92.0,2022-06-18 22:52,64.9 secs,,0,0.0,5.0,0.0,71.0,0.0,0.0,0.0,16.0,0.0,8.0,0.0,0.0,0.0,58
2182,5836,-87.9542543472357,41.7815481573731,square,100.0,100,False,,94.0,2022-06-18 22:54,95.4 secs,,0,0.0,38.0,0.0,18.0,0.0,0.0,0.0,17.0,0.0,27.0,0.0,0.0,0.0,58
2331,6300,-122.051737904549,37.6364841062625,square,100.0,100,False,,73.0,2022-06-19 15:01,1871.8 secs,,0,0.0,11.0,0.0,30.0,0.0,0.0,45.0,0.0,0.0,0.0,1.0,13.0,0.0,63
